{
    "accuracy score": 0.9149019607843137,
    "confusion matrix": [
        [
            255,
            4,
            0,
            3,
            0,
            55,
            23
        ],
        [
            3,
            409,
            0,
            0,
            4,
            18,
            6
        ],
        [
            0,
            0,
            239,
            7,
            0,
            0,
            0
        ],
        [
            5,
            5,
            6,
            1175,
            0,
            28,
            17
        ],
        [
            2,
            8,
            0,
            0,
            582,
            0,
            0
        ],
        [
            87,
            20,
            0,
            21,
            2,
            1296,
            32
        ],
        [
            27,
            10,
            0,
            11,
            0,
            30,
            710
        ]
    ],
    "precision score": 0.9170278764639298,
    "recall score": 0.9149019607843137,
    "f1 score": 0.9157551538912619
}